{
  "variants": {
    "": [
      {
        "model": "block/rng/bricks/0"
      },
      {
        "model": "block/rng/bricks/1"
      },
      {
        "model": "block/rng/bricks/2"
      },
      {
        "model": "block/rng/bricks/3"
      },
      {
        "model": "block/rng/bricks/4"
      },
      {
        "model": "block/rng/bricks/5"
      },
      {
        "model": "block/rng/bricks/6"
      },
      {
        "model": "block/rng/bricks/7"
      },
      {
        "model": "block/rng/bricks/8"
      },
      {
        "model": "block/rng/bricks/9"
      },
      {
        "model": "block/rng/bricks/10"
      },
      {
        "model": "block/rng/bricks/11"
      },
      {
        "model": "block/rng/bricks/12"
      },
      {
        "model": "block/rng/bricks/13"
      },
      {
        "model": "block/rng/bricks/14"
      },
      {
        "model": "block/rng/bricks/15"
      },
      {
        "model": "block/rng/bricks/16"
      },
      {
        "model": "block/rng/bricks/17"
      },
      {
        "model": "block/rng/bricks/18"
      },
      {
        "model": "block/rng/bricks/19"
      },
      {
        "model": "block/rng/bricks/20"
      },
      {
        "model": "block/rng/bricks/21"
      },
      {
        "model": "block/rng/bricks/22"
      },
      {
        "model": "block/rng/bricks/23"
      }
    ]
  }
}