{
  "variants": {
    "half=lower": [
	  {
        "model": "block/flowers/tall_grass/bottom/1"
      },
      {
        "model": "block/flowers/tall_grass/bottom/2"
      },
      {
        "model": "block/flowers/tall_grass/bottom/3"
      },
      {
        "model": "block/flowers/tall_grass/bottom/4"
      },
      {
        "model": "block/flowers/tall_grass/bottom/5"
      },
      {
        "model": "block/flowers/tall_grass/bottom/6"
      }
    ],
    "half=upper": [
      {
        "model": "block/flowers/tall_grass/top/1"
      },
      {
        "model": "block/flowers/tall_grass/top/2"
      },
      {
        "model": "block/flowers/tall_grass/top/3"
      },
      {
        "model": "block/flowers/tall_grass/top/4"
      },
      {
        "model": "block/flowers/tall_grass/top/5"
      },
      {
        "model": "block/flowers/tall_grass/top/6"
      }
    ]
	}
  }
}