{
	"credit": "Made with Blockbench",
	"parent": "block/cube",
	"textures": {
		"bottom": "#base",
		"particle": "#base"
	},
	"elements": [
		{
			"from": [0, 0, 0],
			"to": [16, 8, 16],
			"faces": {
				"north": {"uv": [0, 8, 16, 16], "texture": "#bottom", "cullface": "north"},
				"east": {"uv": [0, 8, 16, 16], "texture": "#bottom", "cullface": "east"},
				"south": {"uv": [0, 8, 16, 16], "texture": "#bottom", "cullface": "south"},
				"west": {"uv": [0, 8, 16, 16], "texture": "#bottom", "cullface": "west"},
				"up": {"uv": [0, 0, 16, 16], "texture": "#bottom"},
				"down": {"uv": [0, 0, 16, 16], "texture": "#bottom", "cullface": "down"}
			}
		},
		{
			"name": "north",
			"from": [0, 0, -0.005],
			"to": [1, 7, -0.005],
			"faces": {
				"north": {"uv": [15, 7, 16, 16], "texture": "#all", "cullface": "west"}
			}
		},
		{
			"name": "north2",
			"from": [15, 0, -0.005],
			"to": [16, 8, -0.005],
			"faces": {
				"north": {"uv": [0, 8, 1, 16], "texture": "#all", "cullface": "east"}
			}
		},
		{
			"name": "north3",
			"from": [0, 0, -0.005],
			"to": [16, 1, -0.005],
			"faces": {
				"north": {"uv": [0, 15, 16, 16], "texture": "#all", "cullface": "down"}
			}
		},
		{
			"name": "north4",
			"from": [0, 7, -0.005],
			"to": [16, 8, -0.005],
			"rotation": {"angle": 0, "axis": "y", "origin": [8, 0, 8]},
			"faces": {
				"north": {"uv": [0, 0, 16, 1], "texture": "#all", "cullface": "up"}
			}
		},
		{
			"name": "south",
			"from": [0, 0, 16.005],
			"to": [1, 8, 16.005],
			"faces": {
				"south": {"uv": [0, 8, 1, 16], "texture": "#all", "cullface": "west"}
			}
		},
		{
			"name": "south2",
			"from": [15, 0, 16.005],
			"to": [16, 7, 16.005],
			"faces": {
				"south": {"uv": [15, 7, 16, 16], "texture": "#all", "cullface": "east"}
			}
		},
		{
			"name": "south3",
			"from": [0, 0, 16.005],
			"to": [16, 1, 16.005],
			"faces": {
				"south": {"uv": [0, 15, 15, 16], "texture": "#all", "cullface": "down"}
			}
		},
		{
			"name": "south4",
			"from": [0, 7, 16.005],
			"to": [16, 8, 16.005],
			"rotation": {"angle": 0, "axis": "y", "origin": [8, 0, 8]},
			"faces": {
				"south": {"uv": [0, 0, 16, 1], "texture": "#all", "cullface": "up"}
			}
		},
		{
			"name": "up",
			"from": [0, 8.005, 0],
			"to": [16, 8.005, 1],
			"rotation": {"angle": 0, "axis": "y", "origin": [8, 0, 8]},
			"faces": {
				"up": {"uv": [0, 0, 16, 1], "texture": "#all", "cullface": "north"}
			}
		},
		{
			"name": "up2",
			"from": [0, 8.005, 15],
			"to": [16, 8.005, 16],
			"rotation": {"angle": 0, "axis": "y", "origin": [8, 0, 8]},
			"faces": {
				"up": {"uv": [0, 15, 16, 16], "texture": "#all", "cullface": "south"}
			}
		},
		{
			"name": "up3",
			"from": [0, 8.005, 0],
			"to": [1, 8.005, 16],
			"rotation": {"angle": 0, "axis": "y", "origin": [8, 0, 8]},
			"faces": {
				"up": {"uv": [0, 0, 1, 16], "texture": "#all", "cullface": "west"}
			}
		},
		{
			"name": "up4",
			"from": [15, 8.005, 0],
			"to": [16, 8.005, 16],
			"rotation": {"angle": 0, "axis": "y", "origin": [8, 0, 8]},
			"faces": {
				"up": {"uv": [15, 0, 16, 16], "texture": "#all", "cullface": "east"}
			}
		},
		{
			"name": "down",
			"from": [0, -0.005, 0],
			"to": [16, -0.005, 1],
			"faces": {
				"down": {"uv": [0, 15, 16, 16], "texture": "#all", "cullface": "north"}
			}
		},
		{
			"name": "down2",
			"from": [0, -0.005, 15],
			"to": [16, -0.005, 16],
			"faces": {
				"down": {"uv": [0, 0, 16, 1], "texture": "#all", "cullface": "south"}
			}
		},
		{
			"name": "down3",
			"from": [0, -0.005, 0],
			"to": [1, -0.005, 16],
			"faces": {
				"down": {"uv": [0, 0, 1, 16], "texture": "#all", "cullface": "west"}
			}
		},
		{
			"name": "down4",
			"from": [15, -0.005, 0],
			"to": [16, -0.005, 16],
			"faces": {
				"down": {"uv": [15, 0, 16, 16], "texture": "#all", "cullface": "east"}
			}
		},
		{
			"name": "west",
			"from": [-0.005, 0, 0],
			"to": [-0.005, 8, 1],
			"faces": {
				"west": {"uv": [0, 8, 1, 16], "texture": "#all", "cullface": "north"}
			}
		},
		{
			"name": "west2",
			"from": [-0.005, 0, 15],
			"to": [-0.005, 7, 16],
			"faces": {
				"west": {"uv": [15, 7, 16, 16], "texture": "#all", "cullface": "south"}
			}
		},
		{
			"name": "west3",
			"from": [-0.005, 0, 0],
			"to": [-0.005, 1, 16],
			"faces": {
				"west": {"uv": [0, 15, 16, 16], "texture": "#all", "cullface": "down"}
			}
		},
		{
			"name": "west4",
			"from": [-0.005, 7, 0],
			"to": [-0.005, 8, 16],
			"rotation": {"angle": 0, "axis": "y", "origin": [8, 0, 8]},
			"faces": {
				"west": {"uv": [0, 0, 16, 1], "texture": "#all", "cullface": "up"}
			}
		},
		{
			"name": "east",
			"from": [16.005, 0, 0],
			"to": [16.005, 7, 1],
			"faces": {
				"east": {"uv": [15, 7, 16, 16], "texture": "#all", "cullface": "north"}
			}
		},
		{
			"name": "east2",
			"from": [16.005, 0, 15],
			"to": [16.005, 8, 16],
			"faces": {
				"east": {"uv": [0, 8, 1, 16], "texture": "#all", "cullface": "south"}
			}
		},
		{
			"name": "east3",
			"from": [16.005, 0, 0],
			"to": [16.005, 1, 16],
			"faces": {
				"east": {"uv": [0, 15, 16, 16], "texture": "#all", "cullface": "down"}
			}
		},
		{
			"name": "east4",
			"from": [16.005, 7, 0],
			"to": [16.005, 8, 16],
			"rotation": {"angle": 0, "axis": "y", "origin": [8, 0, 8]},
			"faces": {
				"east": {"uv": [0, 0, 16, 1], "texture": "#all", "cullface": "up"}
			}
		}
	]
}