{
  "variants": {
    "age=0": [
      {
        "model": "block/flowers/berry/0/1"
      },
      {
        "model": "block/flowers/berry/0/2"
      },
      {
        "model": "block/flowers/berry/0/3"
      }
    ],
    "age=1": [
      {
        "model": "block/flowers/berry/1/1"
      },
      {
        "model": "block/flowers/berry/1/2"
      },
      {
        "model": "block/flowers/berry/1/3"
      }
    ],
    "age=2": [
      {
        "model": "block/flowers/berry/2/1"
      },
      {
        "model": "block/flowers/berry/2/2"
      },
      {
        "model": "block/flowers/berry/2/3"
      }
    ],
    "age=3": [
      {
        "model": "block/flowers/berry/3/1"
      },
      {
        "model": "block/flowers/berry/3/2"
      },
      {
        "model": "block/flowers/berry/3/3"
      }
    ]
  }
}